<?xml version="1.0" encoding="UTF-8"?>
<project-private xmlns="http://www.netbeans.org/ns/project-private/1">
    <editor-bookmarks xmlns="http://www.netbeans.org/ns/editor-bookmarks/2" lastBookmarkId="0"/>
    <open-files xmlns="http://www.netbeans.org/ns/projectui-open-files/2">
        <group>
            <file>file:/C:/Users/csolti/Documents/NetBeansProjects/A1/1201/BekeresEllenorzesGyakorlas/src/mukodes02/BekeresEllenorzesGyakorlas.java</file>
            <file>file:/C:/Users/csolti/Documents/NetBeansProjects/A1/1201/BekeresEllenorzesGyakorlas/src/hasznalat03/BekeresEllenorzesGyakorlas.java</file>
            <file>file:/C:/Users/csolti/Documents/NetBeansProjects/A1/1201/BekeresEllenorzesGyakorlas/src/alap01/BekeresEllenorzesGyakorlas.java</file>
            <file>file:/C:/Users/csolti/Documents/NetBeansProjects/A1/1201/BekeresEllenorzesGyakorlas/src/megoldas04/BekeresEllenorzesGyakorlas.java</file>
        </group>
    </open-files>
</project-private>
